﻿rank,name,nationality,dob,points
1,Shanieka RICKETTS,JAM,1992-02-02,1403
2,Leyanis Pérez HERNÁNDEZ,CUB,2002-01-10,1393
3,Thea LAFOND,DMA,1994-04-05,1354
4,Liadagmis POVEA,CUB,1996-02-06,1328
5,Ana PELETEIRO-COMPAORÉ,ESP,1995-12-02,1327
6,Jasmine MOORE,USA,2001-05-01,1316
7,Ackelia SMITH,JAM,2002-02-05,1286
8,Neja FILIPIČ,SLO,1995-04-22,1258
9,Dariya DERKACH,ITA,1993-03-27,1255
10,Ilionis GUILLAUME,FRA,1998-01-13,1240
11,Saly SARR,SEN,2002-10-14,1236
12,Diana Ana Maria ION,ROU,2000-11-27,1229
13,Tuğba DANIŞMAZ,TUR,1999-09-01,1225
14,Maja ÅSKAG,SWE,2002-12-18,1217
15,Gabriela PETROVA,BUL,1992-06-29,1211
16,Elena Andreea TALOȘ,ROU,1995-02-24,1209
17,Senni SALMINEN,FIN,1996-01-29,1209
18,Caroline JOYEUX,GER,2001-03-26,1193
19,Maoko TAKASHIMA,JPN,1999-07-07,1193
20,Gabriele SANTOS,BRA,1995-02-23,1185
21,Yi LI,CHN,2005-11-26,1181
22,Regiclecia CANDIDO,BRA,2002-01-31,1179
23,Ilona MASSON,BEL,2001-08-31,1177
24,Jessie MADUKA,GER,1996-04-23,1177
25,Sharifa DAVRONOVA,UZB,2006-09-27,1173
26,Anne-Suzanna FOSTHER-KATTA,CMR,1998-11-13,1171
27,Olha KORSUN,UKR,1996-11-11,1168
28,Desleigh OWUSU,AUS,2001-09-20,1167
29,Yekaterina KONEVA,RUS,1988-09-25,1167
30,Dovilė KILTY,LTU,1993-07-14,1161
31,Mariko MORIMOTO,JPN,1995-03-17,1160
32,Winny Chepngetich BII,KEN,2003-12-27,1158
33,Janne NIELSEN,DEN,1993-04-24,1156
34,Mariya YEFREMOVA,KAZ,1998-10-19,1156
35,Mariia SINEY,UKR,1997-03-29,1155
36,Oxana KORENEVA,GRE,1992-09-29,1153
37,Natricia HOOPER,GUY,1998-11-24,1150
38,Linda SUCHÁ,CZE,2001-09-28,1143
39,Aina GRIKŠAITĖ,LTU,1994-11-23,1143
40,Erika Giorgia Anoeta SARACENI,ITA,2006-05-21,1142
41,Adrianna LASKOWSKA,POL,1996-03-02,1140
42,Zenghuan CHENG,CHN,2004-10-12,1138
43,Kira WITTMANN,GER,2000-07-13,1138
44,Agur DWOL,USA,2004-07-16,1137
45,Akari FUNADA,JPN,2000-08-27,1134
46,Qiujiao TAN,CHN,2000-05-28,1133
47,Emilia SJÖSTRAND,SWE,2002-03-16,1127
48,Shantae FOREMAN,JAM,2002-10-22,1127
49,Viktoria GORLOVA,RUS,2001-05-22,1127
50,Imani OLIVER,JAM,1993-03-07,1126
51,Darya NIDBAYKINA,RUS,1994-12-26,1125
52,Kimberly WILLIAMS,JAM,1988-11-03,1124
53,Aleksandrija MITROVIĆ,SRB,2004-04-14,1122
54,Zinzi XULU,RSA,1996-09-28,1120
55,Mylana HEARN,USA,1995-03-05,1119
56,Ottavia CESTONARO,ITA,1995-01-12,1119
57,Anna KRASUTSKA,UKR,1995-07-20,1117
58,Sarah-Michelle KUDLA,GER,2002-03-24,1117
59,Alexia Ioana DOSPIN,ROU,2003-07-04,1115
60,Clémence ROUGIER,FRA,2005-03-27,1115
61,Yekaterina SARIYEVA,AZE,1995-12-18,1114
62,Taisiya DMITRIYEVA,RUS,2003-05-13,1114
63,Rui ZENG,CHN,1998-02-06,1114
64,Anastasiya KOBYLYANSKIKH,RUS,2006-08-17,1110
65,Jie CHEN,CHN,1998-03-02,1109
66,Hui ZHOU,CHN,2006-01-08,1108
67,Viktoriia BARANIVSKA,UKR,2002-12-19,1106
68,Diana ZAGAINOVA,LTU,1997-06-20,1105
69,Ting CHEN,CHN,1997-08-28,1102
70,Georgina FORDE-WELLS,GBR,2002-11-14,1098
71,Irma GUNNARSDÓTTIR,ISL,1998-02-04,1089
72,Nastassia DROZD,BLR,2004-12-19,1088
73,Simone JOHNSON,USA,2002-07-24,1088
74,Kadriye Dilek DURMUŞ,TUR,2004-01-20,1087
75,Véronique Kossenda REY,CMR,1996-09-23,1086
76,Agnieszka BEDNAREK,POL,1998-06-14,1086
77,Huiling QIN,CHN,2003-11-29,1085
78,Tamiah WASHINGTON,USA,,1085
79,Alyona CHASS,UKR,2005-08-25,1082
80,Jingjing LIN,CHN,2002-05-18,1079
81,Paola BOROVIĆ,CRO,1995-06-26,1079
82,Rachela PACE,MLT,2003-06-15,1076
83,Euphenie ANDRE,USA,2001-03-16,1075
84,Skylynn TOWNSEND,USA,2005-07-21,1074
85,Saliyya GUISSE,BEL,1996-07-08,1072
86,Sotiria RAPTI,GRE,2003-10-15,1071
87,Valentina KOSOLAPOVA,RUS,1997-07-11,1070
88,Niharika VASHISHT,IND,1995-10-17,1070
89,Ryann PORTER,USA,2002-05-21,1070
90,Valeria QUISPE,BOL,1997-09-02,1069
91,Ruth HILDEBRAND,GER,2004-10-16,1069
92,Adelaide OMITOWOJU,GBR,1999-10-22,1068
93,Daria VRÎNCEANU,ROU,2008-03-27,1066
94,Mengyuan PENG,CHN,1996-09-05,1065
95,Machaeda LINTON,JAM,2003-02-08,1065
96,Emma MAŠTALÍŘOVÁ,CZE,2000-11-27,1063
97,Adéla SOCHOROVÁ,CZE,2005-11-01,1063
98,Josie KRONE,GER,2005-03-12,1062
99,Jade-Ann DAWKINS,JAM,2005-09-07,1060
100,Ariday GIRÓN,CUB,2006-11-02,1059
101,Asia PHILLIPS,CAN,2006-03-19,1059
102,Svitlana BOICHUK,UKR,2004-10-22,1058
103,Natalija DRAGOJEVIĆ,SRB,2005-03-02,1058
104,Ana Estrella DE LEON,ESP,2008-04-07,1058
105,Ying LI,CHN,1994-03-29,1058
106,Tiana BORAS,AUS,2005-03-04,1057
107,Ashley MOORE,USA,,1057
108,Lucinda GOMES,POR,1995-04-16,1057
109,Elda ROMEVA,ESP,2006-03-23,1056
110,Mei XU,CHN,2004-03-07,1056
111,Adriana KRŪZMANE,LAT,2006-05-20,1056
112,Maria GONZALEZ,ESP,2001-09-26,1056
113,Daniela-Martine WAMOKPEGO,FRA,2001-11-27,1055
114,Busola AKINDURO,CAN,,1055
115,Brenda Džiliana APSĪTE,LAT,2008-09-23,1054
116,Olga SZLACHTA,POL,2006-08-08,1053
117,Yelizaveta DYOMINA,RUS,2002-07-01,1052
118,Aniella DELAFOSSE,CIV,2001-01-03,1052
119,Greta BRUGNOLO,ITA,2003-10-23,1052
120,Maeva DORSILE,FRA,2002-05-14,1052
121,Jasmine AKINS,USA,,1050
122,Asha FLETCHER,USA,,1050
123,Lisay C. DE LA GONZÁLEZ,CUB,2006-01-10,1049
124,Sedef ÇEVIK,TUR,2003-05-05,1049
125,Mame Diarra SOW,ITA,2002-01-20,1049
126,Eunice Ilunga MBUYI,FRA,2002-07-01,1049
127,Shihui HUA,CHN,2003-08-01,1049
128,Yanqi GAO,CHN,2000-01-27,1048
129,Arianna FISHER,USA,2000-11-12,1048
130,Suzan OGUNLEYE,USA,2004-07-09,1047
131,Magdalena PERIĆ,CRO,2001-10-29,1047
132,Georgina SCOOT,GBR,2004-01-15,1047
133,Katharina GRÅMAN,SWE,2003-12-09,1047
134,Rocio Fernanda Muñoz VAN RISSELBERGHE,CHI,2001-07-09,1046
135,Alina ABRAMENKO,RUS,2004-10-10,1046
136,Fatima KONÉ,SWE,1999-01-27,1045
137,Victoria JOSSE,FRA,2000-10-29,1044
138,Yuliya YAKUNINA,RUS,2002-02-08,1044
139,Shalom OLOTU,USA,,1044
140,Cerane BEAL,FRA,2002-05-31,1043
141,Erna VIRÓK,HUN,2000-02-18,1043
142,Tereza VLKOVÁ,CZE,2004-05-13,1043
143,Sawant POORVA,IND,2003-01-23,1042
144,Genesis PIRE,VEN,2000-12-15,1041
145,Taryn BURKETT,USA,,1041
146,Mercy HONESTY,USA,,1040
147,Leane ALFRED,FRA,2007-04-28,1040
148,Anna Gräfin KEYSERLINGK,GER,2003-09-03,1040
149,Sara ZOCCHEDDU,ITA,1999-06-14,1039
150,Nellickal Verkay SHEENA,IND,1992-11-22,1039
151,Nia ROBINSON,JAM,2001-11-08,1038
152,Rhianna PHIPPS,JAM,2001-02-11,1038
153,Karolina MŁODAWSKA,POL,1996-10-04,1037
154,Naiara ESTANGA,ESP,1998-04-28,1037
155,Meekness DONGONYARO,NGR,2005-06-16,1037
156,Jialing WU,CHN,2006-03-22,1036
157,Kellynsia LEERDAM,NED,2001-08-08,1036
158,Galina NIKOLOVA,BUL,1994-01-22,1036
159,Xiao YANG,CHN,2002-02-16,1036
160,Aleyna KARABULUT,TUR,2006-12-07,1034
161,Anja MARAŽ,SLO,2006-11-07,1034
162,Teodora BOBERIĆ,SRB,2005-09-02,1034
163,Chiara SMERALDO,ITA,2002-02-13,1032
164,Yang YANG,CHN,2001-08-23,1031
165,Danylle KURYWCHAK-TREINISH,USA,1994-07-15,1031
166,Ana Rita SILVA,POR,2000-12-20,1031
167,Yixuan HAN,CHN,2008-12-24,1031
168,Brooke MOORE,USA,,1031
169,Aminata N’DIAYE,FRA,2002-01-10,1030
170,Amy WARRE,GBR,2004-10-25,1030
171,Velecia WILLIAMS,JAM,2002-07-09,1030
172,Ririya YAMASAKI,JPN,2006-05-24,1030
173,Iyanna WEBB,USA,,1029
174,Aurėja BENIUŠYTĖ,LTU,2006-09-05,1028
175,Christina WARREN,USA,2001-08-30,1028
176,Tia Louise ROZARIO,SGP,2000-10-14,1027
177,Linshan ZHANG,CHN,2003-10-05,1027
178,Hazuki OTSUKA,JPN,2003-08-22,1027
179,Zuzanna SZTACHAŃSKA,POL,2001-12-28,1027
180,Anastasiya BELOVA,RUS,2001-02-20,1026
181,Anastasia VOKOTOPOULOU,GRE,2004-02-05,1026
182,Naida CALONGE,ESP,2007-06-05,1026
183,Moeno SAITO,JPN,1996-07-05,1025
184,Beatrix SZABÓ,HUN,1995-11-11,1025
185,Masha-Sol GELITZ,GER,2006-05-24,1024
186,Sophie ULLRICH,GER,1999-04-20,1024
187,Emy NTEKPERE,USA,,1024
188,Jeanne LE GOFF,FRA,2006-03-15,1024
189,Viktoriya AVERKINA,RUS,2001-10-11,1023
190,Caitlin SIMMONS,USA,,1022
191,Veronika PIENZARIEVA,UKR,2006-10-17,1022
192,Elena COMOLLO,ITA,2004-07-29,1022
193,Eleni Nektaria MAMA,GRE,2007-05-21,1021
194,Ornelis ORTIZ,VEN,2004-07-28,1020
195,Asherah COLLINS,USA,2001-11-14,1020
196,Francesca VENTURA,ITA,2002-06-24,1020
197,Madushani HERATH,SRI,2005-05-04,1019
198,Sharvari PARULEKAR,IND,2002-03-21,1019
199,Isabela Beatriz TEIXEIRA,BRA,2005-09-01,1019
200,Rachel OMBENI,NOR,2001-06-20,1019
201,Amayelle Sy DE VAUCHER,FRA,2008-03-26,1018
202,Jada JOSEPH,USA,,1016
203,Lotta EDZARDS,GER,2007-01-05,1016
204,Kori RANDLE,USA,,1016
205,Annabelle PARMEGIANI,AUS,1997-11-13,1015
206,Paola DEL REAL,MEX,,1015
207,Emma PULLOLA,FIN,1996-12-18,1015
208,Cassandra ATKINS,USA,,1012
209,Yu-Ting LIN,TPE,1997-10-22,1012
210,Myla CANTY,USA,2004-10-24,1012
211,Victoria KADIRI,USA,2001-12-02,1012
212,Lily Rosa HULLAND,GBR,2001-09-01,1012
213,Dimana YORDANOVA,BUL,1998-04-18,1012
214,Margarida SANTOS,POR,2004-10-29,1012
215,Anastasiya MATVEYEVA,RUS,2002-09-02,1012
216,Jaiah HOPF,USA,2004-07-26,1012
217,Melina ZARAGKA,GRE,2007-01-19,1012
218,Zaria KALIČANIN,SRB,2008-07-26,1011
219,Ioana-Emilia COLIBĂȘANU,ROU,2003-02-09,1011
220,Leonie PROUST,FRA,,1010
221,Anzhelina PETKOVA,BUL,2008-07-17,1010
222,Momona HIROSE,JPN,2001-01-08,1010
223,Aniyasmi ALVAREZ,CUB,2008-11-15,1010
224,Taylor FINGERS,USA,2004-11-22,1010
225,Sophie GALLOWAY,USA,2002-06-21,1010
226,Za'Isha FRASER,USA,,1009
227,Destini SMITH,USA,,1009
228,Yueyue ZHANG,CHN,2003-08-01,1008
229,Tamara BALAJOVÁ,SVK,2004-02-20,1008
230,Christophele OUATTARA,BUR,1995-02-06,1008
231,Peace OMONZANE,CAN,,1008
232,Grace MONONO,GER,2005-08-31,1008
233,Esther SOLARIN,RSA,2001-09-12,1006
234,Saana PEURA,FIN,2003-01-19,1006
235,Ella Alvelin MALM,SWE,2008-05-31,1006
236,Danah NEMBHARD,USA,,1006
237,Zoi RAPTI,GRE,2006-10-31,1006
238,Maja MURACH,POL,2006-05-24,1005
239,Journey AMUNDSON,USA,,1005
240,Shih-Han HUANG,TPE,2005-10-18,1004
241,Valeria URIBE,MEX,2004-05-24,1004
242,Saragh BUGGY,IRL,1994-04-07,1003
243,Amelia KUBALA,POL,2003-06-09,1002
244,Despoina PASIOU,GRE,2008-12-03,1002
245,Maria BARRIOS,ESP,2007-04-29,1002
246,Cameran GIST,USA,,1002
247,Vasiliki VALERI,GRE,2003-02-14,1002
248,Imani MOORE,USA,,1002
249,Hilal MUTLU,TUR,2004-03-31,1001
250,Jayda HUNTER,USA,2002-04-03,1001
251,Kayla PINKARD,USA,2004-08-01,1001
252,Maja BORCHARDT,POL,2004-02-20,1000
253,Taylor MAYO,USA,2005-03-17,1000
254,Tumi ONALEYE,USA,,1000
255,Suzanne CORNELIE-LENOIR,FRA,,1000
256,Sydnee BURR,USA,2006-06-07,1000
257,Deijanae BRUCE,JAM,2005-11-19,999
258,Veronika SKALICKÁ,CZE,2002-08-01,999
259,Xilin HUANG,CHN,2004-12-17,999
260,Stiliani CHATZIRAFAILIDOU,GRE,2006-03-08,998
261,Olivia DOWD,USA,,998
262,Taja PUČKO,SLO,2007-02-09,998
263,Tara WYLLIE,AUS,2003-11-02,998
264,Faith SPENCER,USA,,997
265,Lotta-Henrike WERNER,GER,,997
266,Kajsa LINDQVIST,SWE,2000-03-31,997
267,Kennedy JOHNSON,USA,,997
268,Lotta KIRVESMIES,FIN,1995-05-19,997
269,Rebecca SARÉ,MLT,1991-06-25,996
270,Elisa VALENTI,ITA,2007-01-04,996
271,Madeleine NILSSON,SWE,1991-10-11,996
272,Jada FOREMAN,USA,,995
273,Sarah Maria Chenai BERNARDINELLO,ITA,2006-01-19,994
274,Norian Ayala VELAZQUEZ,PUR,2004-06-17,993
275,Wissal HARKAS,ALG,2005-07-21,993
276,Corinne CHALLANCIN,ITA,1999-10-17,993
277,Viktoria STRACZEK-HELIOS,AUT,1998-06-17,993
278,Sabrina ATKINSON,JAM,2007-02-19,993
279,Tesia THOMAS,USA,2002-10-01,993
280,Melody N'Da Vittoria KOFFI,LUX,2003-07-23,993
281,Jasmine Al OMARI,ITA,1995-09-21,992
282,Milena Fernandes Barbosa LOPES,BRA,1998-04-29,992
283,Lida BESILA,GRE,2006-11-30,992
284,Lizzie SCHREIBER,USA,,991
285,Tânia Ferreira DA SILVA,BRA,1986-12-17,991
286,Laurine Elisa MARIMON,ESP,2004-09-17,991
287,Adannia AGBO,USA,,991
288,Oriane LE COROLLER,FRA,2003-04-14,990
289,Dilyara KHAIBULLINA,KAZ,2005-05-20,990
290,Aina SHIBATA,JPN,2006-08-26,990
291,Raffaella Asia Tsimi ATANA,ITA,2007-11-21,990
292,Precious OKOUGBODU,USA,,990
293,Daryna FEDOTOVA,UKR,2005-01-19,990
294,Lateefah AGBEREMI,GBR,,989
295,Lauren REED,USA,2004-07-15,989
296,Rebecca MOUSTIN-AUBATIN,FRA,1999-07-08,989
297,Chelsea ANINYENI,USA,,989
298,Vera Chan SHANNON,HKG,1998-08-19,988
299,Tolulope AKINDURO,CAN,,988
300,Yuli WEI,CHN,2005-12-12,988
301,Alleah KROTE,USA,,988
302,Mikaela MILES,USA,,987
303,Anna KŁOSIŃSKA,POL,2003-03-28,987
304,Faith BETHEA,USA,,987
305,Michelle YALEKHUE,GBR,2005-07-03,987
306,Ogechi NATHAN,GER,2006-09-12,987
307,Lu CHEN,CHN,2001-08-02,987
308,Edna EZE,GER,2006-02-02,987
309,Stella NEOFYTOU,CYP,2002-11-09,986
310,Hanna FERBER,SUI,2002-07-01,986
311,Claudia FERNANDEZ,PUR,2003-03-19,985
312,Dieusi ARMAND,USA,,985
313,Karla BORAS,AUS,2008-07-03,985
314,Kayli JOHNSON,USA,,985
315,Ghada HAMDANI,TUN,2001-03-21,985
316,Shanara HIBBERT,GBR,1993-03-22,984
317,Emilia STOJEK,POL,2008-03-10,984
318,Elina KOSTIAINEN,FIN,1992-04-23,984
319,Nikolina DZIADAK,POL,2003-08-04,984
320,Anna KOSTENKO,UKR,2002-07-27,984
321,Carlotta LOEWENTHAL,GER,,983
322,Nia WILLIAMS-MATTHEWS,USA,,983
323,Varvara DMITRIEVA,KAZ,2003-10-30,982
324,Hanna ZDANEVICH,BLR,2005-04-25,982
325,Nyariek KUR,USA,,982
326,Daphni DOULAPTSI-TEEUWEN,GRE,1999-11-22,982
327,Stela ĆUK,SRB,2007-07-31,982
328,Kayla ULMER,USA,,982
329,Chiara PROVERBIO,ITA,1997-11-06,981
330,Eylül DÖNMEZ,TUR,2009-07-22,981
331,Tessa CLAMY,FRA,2008-10-10,981
332,Yu-Ti HUANG,TPE,2003-11-20,980
333,Lucia CURBELO,ESP,2003-10-20,980
334,Saki KEMMOCHI,JPN,1994-08-16,980
335,Alyssa TAGBO,GER,,979
336,Karine ESTEFABE,BRA,2008-05-27,979
337,Serena TONDJI,FRA,,979
338,Hana MIKULÁŠOVÁ,CZE,,979
339,Hanon KODERA,JPN,2002-01-18,979
340,Jonon YOUNG,USA,2000-05-01,979
341,Varvara GUBINA,RUS,2004-07-18,978
342,Koharu MITSUHASHI,JPN,2006-04-12,978
343,Lecabela QUARESMA,POR,1989-12-26,977
344,Alice RODIANI,ITA,2001-10-22,977
345,Baofa Mifri VESO,ITA,2005-12-08,977
346,Magdaléna ZÍDKOVÁ,CZE,2006-08-13,977
347,Sakura MIYAHATA,JPN,1995-04-17,976
348,Fehintola OLADEJO,GER,2003-09-01,976
349,Keeli DUNAWAY,USA,,976
350,Manie MEVO,USA,,976
351,Chloe Chavaneese PALMER,JAM,2005-10-06,976
352,Sabrina IMES,USA,,975
353,Alexandra KELLY,USA,2004-01-14,975
354,Nyadhol THICHIOT,USA,,975
355,Janara BRYANT,USA,,974
356,Eleonora VITI,ITA,2007-08-17,974
357,Joidon BODDIE,USA,,974
358,Irosayike Destiny Sa IKUENOBE,ITA,2009-10-14,974
359,Lillian WASHINGTON,NOR,2003-10-26,974
360,Alaysia OAKES,USA,,973
361,Savoria ANDERSON,USA,,973
362,Diarry DABO,FRA,,973
363,Mathilde Sofie KLOKSETH,NOR,2003-03-15,973
364,Andrea CALLEJA,ESP,1992-10-03,973
365,Aliyah ADAMS,USA,,973
366,Lotavia BROWN,JAM,2000-10-26,973
367,Kawtar MERZAQ,MAR,,973
368,Jade JOHNSON,USA,2003-09-10,973
369,Zayin ROE,USA,,972
370,Makoto YAMANAKA,JPN,2006-04-08,972
371,Adelīna RUBENE,LAT,2008-09-01,972
372,Christina AMMER,GER,2004-04-20,972
373,Sofia DEGROOT,USA,,972
374,Leila BARMORE,USA,,972
375,Marilin LEUTHARD,SUI,2001-05-13,971
376,Raphaila IDRIS,AUS,2006-02-08,971
377,Viviany ALMEIDA,BRA,2009-06-22,971
378,Melody NWAGWU,USA,,971
379,Lauren YEBOAH-KODIE,USA,,971
380,Solveig ZOLA,FRA,,971
381,Luciana GENNARI,ARG,2002-07-05,970
382,Makenzy MIZERA,USA,2000-05-30,970
383,Zoe CHESTER,AUS,2006-11-06,970
384,Johanna SUNDÉN,SWE,,970
385,Lena ŠUPICOVÁ,SVK,2003-12-22,970
386,Ilaria MONACO,ITA,2004-03-07,970
387,Greta DONATO,ITA,2005-11-01,970
388,Jazmyn WAJD,USA,2005-01-25,969
389,Nela GABČÍKOVÁ,SVK,,968
390,Nafsika THEOCHARIDOU,GRE,2005-05-24,968
391,Liza Sofia AUNE,NOR,2007-10-05,968
392,Mikuru SUGANO,JPN,2005-02-28,967
393,Jazmine SCOTT,USA,,967
394,Christina DAMIANIDOU,GRE,2008-12-30,967
395,Hunt MARIAMA,USA,,967
396,Alisa GORDON,USA,,967
397,Katarzyna WIŚNIEWSKA,POL,2000-10-11,966
398,Fejiro Praise ODJOMA,NGR,2006-05-17,966
399,Lovisa ULVENSTAM,SWE,,966
400,Mariama TOURE,GUI,1996-05-22,966
